{
  "version": 1,
  "author": "Teste Para tudo",
  "editor": "wokwi",
  "parts": [
    { "type": "wokwi-breadboard-half", "id": "bb2", "top": 64.2, "left": 204.4, "attrs": {} },
    { "type": "wokwi-arduino-uno", "id": "uno", "top": 77.4, "left": -106.2, "attrs": {} },
    {
      "type": "wokwi-photoresistor-sensor",
      "id": "ldr1",
      "top": -86.7,
      "left": 215.3,
      "rotate": 90,
      "attrs": {}
    },
    { "type": "wokwi-potentiometer", "id": "pot1", "top": -49.3, "left": 345.4, "attrs": {} },
    {
      "type": "wokwi-led",
      "id": "led1",
      "top": 356.8,
      "left": 253.8,
      "rotate": 180,
      "attrs": { "color": "red" }
    },
    {
      "type": "wokwi-buzzer",
      "id": "bz1",
      "top": 336,
      "left": 316.8,
      "rotate": 180,
      "attrs": { "volume": "0.1" }
    },
    {
      "type": "wokwi-resistor",
      "id": "r1",
      "top": 330.35,
      "left": 192,
      "attrs": { "value": "220" }
    }
  ],
  "connections": [
    [ "uno:5V", "bb2:bp.1", "red", [ "v28.7", "h138.2", "v-48" ] ],
    [ "uno:GND.2", "bb2:bn.1", "black", [ "v19.1", "h176.7" ] ],
    [ "bb2:bp.2", "bb2:tp.2", "red", [ "v0" ] ],
    [ "bb2:tp.8", "ldr1:VCC", "red", [ "v0" ] ],
    [ "bb2:tp.15", "pot1:VCC", "red", [ "v0" ] ],
    [ "bb2:bn.3", "bb2:tn.3", "black", [ "v0" ] ],
    [ "bb2:tn.7", "ldr1:GND", "black", [ "v0" ] ],
    [ "bb2:tn.13", "pot1:GND", "black", [ "v0" ] ],
    [ "bb2:bn.13", "bz1:1", "black", [ "v0" ] ],
    [ "uno:12", "bz1:2", "green", [ "v345.6", "h298.1", "v-96" ] ],
    [ "uno:13", "r1:1", "green", [ "v0" ] ],
    [ "r1:2", "led1:C", "green", [ "v0", "h27.6" ] ],
    [ "bb2:bn.4", "led1:A", "black", [ "v0" ] ],
    [ "uno:A0", "pot1:SIG", "violet", [ "v47.9", "h291.8" ] ],
    [ "uno:A1", "ldr1:AO", "violet", [ "v-240.1", "h51.9" ] ]
  ],
  "dependencies": {}
}